display_name,stub,dropdown_parent
Home,/
Curated Features,/features.html
The Cold War and Children's Books,/cold-war.html,Curated Features
Science and National Identity,/science-identity.html,Curated Features
Illustrating Space,/space-illustration.html,Curated Features
Frontiers in Children's Science Books,/frontiers.html,Curated Features
Our Friend the Atom,/our-friend-atom.html,Curated Features
Science in Storybooks,/science-in-storybooks.html,Curated Features
Communism: An American's View,/communism.html,Curated Features
What We Want of Our Schools,/what-we-want-of-our-schools.html,Curated Features
Conclusion,/conclusion.html,Curated Features

About,/about.html
